mercato;Brand;Anno Fondazione brand;Descrizione Brand;Nome Profumo;Sottofamiglia olfattiva;Anno;Naso Creatore;ml;Prezzo (€);Note di Testa;Note di Cuore;Note di Fondo;Nota Distintiva;Codice EAN;"Link Fragrantica;";Nazionalità
nicchia;Essential Parfums;2018;Alta profumeria sostenibile con creazioni raffinate.;Bois Impérial;Legnosa Speziata;2020;Quentin Bisch;100;88;Basilico Thai, Pepe Nepal;Akigalawood, Petalia;Patchouli, Vetiver;Akigalawood, Basilico Thai;3770014892011;"https://www.fragrantica.it/perfume/Essential-Parfums/Bois-Imperial-61606.html;";Francia
nicchia;Giardini di Toscana;1942;Artigianalità toscana con fragranze gourmand.;Bianco Latte;Ambrata Dolce - Gourmand;2019;Silvia Martinelli;100;125;Caramello;Cumarina, Miele;Vaniglia, Muschio Bianco;Caramello, Cumarina, Miele;8056040150242;"https://www.fragrantica.it/perfume/Giardini-di-Toscana/Bianco-Latte-59363.html;";Italia
nicchia;Montale;2003;Pioniere dell’Oud con persistenza elevata.;Arabians Tonka;Ambrata Speziata;2019;Pierre Montale;100;140;Zafferano, Bergamotto;Oud, Rosa Bulgara;Fava Tonka, Canna da Zucchero;Zafferano, Oud, Fava Tonka;3760260456326;"https://www.fragrantica.it/perfume/Montale/Arabians-Tonka-56363.html;";Francia
nicchia;Orto Parisi;2014;Alessandro Gualtieri celebra la forza primordiale del mare.;Megamare;Agrumata Marina;2019;Alessandro Gualtieri;50;155;Note Marine, Bergamotto;Alghe, Sale;Muschio, Ambra Grigia;Note Marine, Alghe, Sale;8717624961958;"https://www.fragrantica.it/perfume/Orto-Parisi/Megamare-54411.html;";Italia
nicchia;Marc-Antoine Barrois;2016;Haute couture francese incontra l’avanguardia olfattiva.;Ganymede;Legnosa Speziata;2019;Quentin Bisch;100;200;Mandarino;Osmanto, Zafferano;Akigalawood, Cuoio;Zafferano, Mandarino, Akigalawood;3770011855019;"https://www.fragrantica.it/perfume/Marc-Antoine-Barrois/Ganymede-54734.html;";Francia
nicchia;Amouage;1983;Lusso regale con ingredienti esotici e tradizione millenaria.;Guidance;Ambrata Floreale;2023;Quentin Bisch;100;370;Pera, Nocciola, Incenso;Osmanto, Rosa, Zafferano;Sandalo, Vaniglia, Akigalawood;Pera, Nocciola, Incenso;0701666410188;"https://www.fragrantica.it/perfume/Amouage/Guidance-78567.html;";Oman
nicchia;Xerjoff;2003;Lusso torinese che unisce arte del profumo e design.;Naxos;Fougere Aromatica;2015;Xerjoff Team;100;245;Lavanda, Bergamotto, Limone;Miele, Cannella, Cashmeran;Tabacco, Vaniglia, Fava Tonka;Miele, Tabacco, Lavanda;8033488155070;"https://www.fragrantica.it/perfume/Xerjoff/XJ-1861-Naxos-30529.html;";Italia
nicchia;Maison F. Kurkdjian;2009;Maison d’alta profumeria parigina fondata nel 2009, sinonimo di eleganza senza tempo.;Baccarat Rouge 540;Ambrata Floreale;2015;Francis Kurkdjian;70;255;Zafferano, Gelsomino;Amberwood, Ambra Grigia;Resina di Abete, Cedro;Zafferano, Ambra Grigia;3700559603116;"https://www.fragrantica.it/perfume/Maison-Francis-Kurkdjian/Baccarat-Rouge-540-33519.html;";Francia
nicchia;Le Labo;2006;Minimalismo newyorkese con influenze parigine.;Santal 33;Legnosa;2011;Frank Voelkl;50;198;Cardamomo, Iris;Violetta, Ambrox;Sandalo, Papiro, Cedro;Sandalo, Cardamomo, Iris;0842113051145;"https://www.fragrantica.it/perfume/Le-Labo/Santal-33-12201.html;";USA
nicchia;Diptyque;1961;Storica maison parigina famosa per eleganza e tessuti.;Fleur de Peau;Floreale Legnosa Muschiata;2018;Olivier Pescheux;75;192;Aldeidi, Angelica, Bergamotto;Iris, Rosa Turca;Muschio, Semi di Ambretta;Iris, Semi di Ambretta, Muschio;3700431415546;"https://www.fragrantica.it/perfume/Diptyque/Fleur-de-Peau-Eau-de-Parfum-48615.html;";Francia
nicchia;Lorenzo Pazzaglia;2015;Brand italiano nato dalla passione di uno chef per fragranze estreme.;Summer Hammer;Ambrata Dolce - Gourmand;2023;Lorenzo Pazzaglia;50;145;Mango, Ananas, Cocco;Note Marine, Fiori Bianchi;Rum, Sandalo, Muschio;Mango, Rum, Cocco, Ananas, Sandal;8056515150013;"https://www.fragrantica.it/perfume/Lorenzo-Pazzaglia/Summer-Hammer-80252.html;";Italia
nicchia;Nasomatto;2007;Fragranze estreme e iconiche per collezionisti.;Black Afgano;Legnosa Orientale Oud;2009;Alessandro Gualtieri;30;130;Cannabis, Note Verdi;Resine, Note Legnose, Caffè;Oud, Incenso;Cannabis, Resine, Oud;8717624960418;"https://www.fragrantica.it/perfume/Nasomatto/Black-Afgano-6472.html;";Paesi Bassi
nicchia;Frederic Malle;2000;Alta profumeria concettuale con creatività dei grandi nasi.;Portrait of a Lady;Ambrata Floreale;2010;Dominique Ropion;100;335;Rosa, Chiodi di Garofano;Lampone, Ribes Nero;Patchouli, Incenso, Sandalo;Rosa, Patchouli, Incenso;3700138560027;"https://www.fragrantica.it/perfume/Frederic-Malle/Portrait-of-a-Lady-10464.html;";Francia
nicchia;By Kilian;2007;Lusso parigino ispirato al cognac tra seduzione e ricaricabilità.;Angels' Share;Ambrata Dolce - Gourmand;2020;Benoist Lapouza;50;225;Cognac;Cannella, Fava Tonka, Quercia;Vaniglia, Pralina, Sandalo;Cognac, Cannella, Fava Tonka;3700550218463;"https://www.fragrantica.it/perfume/By-Kilian/Angels-Share-62615.html;";Francia
nicchia;Maison Crivelli;2018;Momenti sensoriali reali vissuti durante viaggi attraverso il mondo.;Hibiscus Mahajad;Floreale Fruttata;2021;Quentin Bisch;50;200;Ibisco, Menta;Rosa, Cannella;Vaniglia, Cuoio, Ambra;Ibisco, Antracite;3760303540203;"https://www.fragrantica.it/perfume/Maison-Crivelli/Hibiscus-Mahajad-69162.html;";Francia
nicchia;BDK Parfums;2016;Libreria olfattiva parigina situata nel cuore del Palais Royal.;Gris Charnel;Ambrata Legnosa;2019;Mathilde Bijaoui;100;170;Cardamomo, Fico, Tè Nero;Iris, Vetiver;Sandalo, Fava Tonka;Sandalo, Fico, Tè nero;3760264450160;"https://www.fragrantica.it/perfume/BDK-Parfums/Gris-Charnel-57506.html;";Francia
nicchia;Jeroboam;2015;"Estratti intensi creati per gli enigmatici ""nomadi urbani"".";Gozo;Floreale Legnosa Muschiata;2020;Vanina Muracciole;30;110;Zafferano, Tuberosa;Geranio, Foglie di Violetta;Muschio Bianco, Patchouli, Cedro;Tuberosa, Muschio;3760156711103;"https://www.fragrantica.it/perfume/Jeroboam/Gozo-59642.html;";Francia
nicchia;Parfums de Marly;2009;Lusso francese con omaggio all’epoca di Luigi XV.;Valaya;Floreale Aldeidica;2023;Quentin Bisch;75;285;Aldeidi, Mandarino, Pesca;Fiori d'Arancio, Mughetto;Muschio, Ambroxan, Akigalawood;Aldeidi;3700578502288;"https://www.fragrantica.it/perfume/Parfums-de-Marly/Valaya-78602.html;";Francia
nicchia;Matiere Premiere;2019;Focus sull'eccellenza di singole materie prime portate all'estremo.;Vanilla Powder;Ambrata Dolce - Gourmand;2023;Aurélien Guichard;100;240;Polvere di Riso;Cocco;Vaniglia, Muschio Bianco;Vaniglia, Paolo Santo;3760273752538;"https://www.fragrantica.it/perfume/Matiere-Premiere/Vanilla-Powder-84518.html;";Francia
nicchia;Creed;1760;Icona di nicchia con note fruttate e affumicate.;Aventus;Chypre Fruttata;2010;Jean-Christophe Hérault;100;325;Bergamotto, Ribes Nero, Mela;Betulla, Patchouli, Gelsomino;Musk, Muschio di Quercia, Vaniglia;Ananas, Betulla, Muschio Quercia;3508441001114;"https://www.fragrantica.it/perfume/Creed/Aventus-9828.html;";Francia/UK
nicchia;Kajal;2014;Fonde ispirazione parigina con l'opulenza orientale dorata.;Lamar;Floreale Fruttata;2020;Mark Buxton;100;209;Mela, Ananas, Cardamomo;Rosa, Gelsomino, Magnolia;Vaniglia, Muschio, Ambra;Ananas, Frutti Rossi, Rosa;3760310210175;"https://www.fragrantica.it/perfume/Kajal/Lamar-60475.html;";Emirati Arabi
nicchia;Simone Andreoli;2011;Diario olfattivo italiano che cattura ricordi di viaggi lontani.;Leisure in Paradise;Ambrata Dolce - Gourmand;2020;Simone Andreoli;100;155;Papaya, Cocco;Pesca, Vaniglia;Legni Dolci, Muschio;Papaia, Cocco, Vaniglia;8055681290001;"https://www.fragrantica.it/perfume/Simone-Andreoli/Leisure-in-Paradise-59918.html;";Italia
nicchia;Liquides Imaginaires;2012;Fragranze concepite come pozioni mistiche per elevare lo spirito.;Blanche Bête;Floreale Muschiata;2021;Louise Turner;100;265;Latte, Ambretta;Tuberosa, Mahonial;Vaniglia, Muschio, Fava Tonka;Latte, Muschio, Fiori Bianchi;3760302220472;"https://www.fragrantica.it/perfume/Les-Liquides-Imaginaires/Blanche-Bete-70337.html;";Francia
nicchia;Initio Parfums;2015;Esplora il potere dei feromoni e l'attrazione chimica istintiva.;Musk Therapy;Floreale Muschiata;2021;Initio Team;90;280;Bergamotto, Mandarino;Muschio Bianco, Magnolia;Sandalo, Muschio Rosa;Muschio Bianco, Magnolia, Mandarino;3701415901004;"https://www.fragrantica.it/perfume/Initio-Parfums-Prives/Musk-Therapy-65415.html;";Francia
nicchia;Marc-Antoine Barrois;2016;Haute couture francese incontra l’avanguardia olfattiva.;Tilia;Floreale Legnosa Muschiata;2024;Quentin Bisch;100;200;Tiglio, Ginestra;Eliotropio, Vetiver;Ambroxan, Georgywood;Tiglio, Ginestra, Georgywood;3770011855217;"https://www.fragrantica.it/perfume/Marc-Antoine-Barrois/Tilia-91757.html;";Francia
nicchia;Ex Nihilo;2013;Creatività parigina d'avanguardia per celebrare i dieci anni del brand.;Blue Talisman;Agrumata Legnosa;2023;Jordi Fernández;100;280;Bergamotto, Zenzero, Pera;Fiore d'Arancio, Georgywood;Ambrofix, Muschio, Akigalawood;Pera, Bergamotto, Akigalawood;3760139578563;"https://www.fragrantica.it/perfume/Ex-Nihilo/Blue-Talisman-84381.html;";Francia
nicchia;Tauer Perfumes;2005;Alta profumeria artigianale svizzera con eleganza orientale.;L'Air du Désert Mar.;Ambrata Speziata;2005;Andy Tauer;50;165;Coriandolo, Cumino;Rosa, Gelsomino;Ambra, Cedro, Vetiver;Coriandolo, Cumino, Ambra;7640127380011;"https://www.fragrantica.it/perfume/Tauer-Perfumes/02-L-Air-du-Desert-Marocain-2221.html;";Svizzera
nicchia;Byredo;2006;Brand minimalista con fragranze evanescenti e artigianali.;Gypsy Water;Legnosa Aromatica;2008;Jérôme Epinette;50;155;Ginepro, Limone, Pepe;Aghi di Pino, Incenso, Iris;Vaniglia, Sandalo, Ambra;Ginepro, Pino, Sandalo;7340032806168;"https://www.fragrantica.it/perfume/Byredo/Gypsy-Water-3575.html;";Svezia
nicchia;Pantheon Roma;2013;Celebra storie d'amore rinascimentali con estratti di altissima qualità.;Annone;Legnosa Orientale Oud;2018;Arturetto Landi;100;235;Zafferano, Mango;Rosa, Iris;Oud, Nagarmotha, Muschio;Zafferano, Oud, Mango;8057714900000;"https://www.fragrantica.it/perfume/Pantheon-Roma/Annone-51368.html;";Italia
nicchia;Mancera;2008;Sinergia tra design moderno e ingredienti mediorientali di potenza.;Instant Crush;Ambrata Floreale;2019;Pierre Montale;120;145;Zafferano, Zenzero, Agrumi;Rosa, Gelsomino, Amberwood;Vaniglia, Sandalo, Muschio;Zafferano, Ambra, Vaniglia;3760260453301;"https://www.fragrantica.it/perfume/Mancera/Instant-Crush-54817.html;";Francia
nicchia;Laboratorio Olfattivo;2009;Officina creativa italiana basata su pura emozione e artigianalità.;Nun;Floreale Marina;2014;Luca Maffei;100;105;Bergamotto, Pera, Neroli;Loto, Gelsomino, Ylang Ylang;Muschio, Note Legnose;Loto, Pera, Muschio;8050043461429;"https://www.fragrantica.it/perfume/Laboratorio-Olfattivo/Nun-28045.html;";Italia
nicchia;Profumum Roma;1996;Maison romana nota per l'altissima concentrazione di oli puri.;Acqua di Sale;Agrumata Marina;1996;Felice Durante;100;250;Sale Marino;Mirto;Alghe Marine, Cedro;Sale Marino, Alghe, Mirto;8024985001150;"https://www.fragrantica.it/perfume/Profumum-Roma/Acqua-di-Sale-3891.html;";Italia
nicchia;Orto Parisi;2014;Alessandro Gualtieri celebra la forza primordiale del mare.;Terroni;Legnosa Orientale Oud;2017;Alessandro Gualtieri;50;155;Lampone;Betulla, Ambra;Vetiver, Muschio, Oud;Note Fumose, Note Terrose, Oud;8717624962450;"https://www.fragrantica.it/perfume/Orto-Parisi/Terroni-45441.html;";Italia
nicchia;Xerjoff;2003;Lusso torinese che unisce arte del profumo e design.;Erba Pura;Floreale Fruttata;2019;Christian Carbonnel;100;245;Arancia, Limone, Bergamotto;Frutti Misti;Vaniglia, Muschio, Ambra;Agrumi Siciliani, Frutti, Vaniglia;8033488156312;"https://www.fragrantica.it/perfume/Xerjoff/Erba-Pura-53820.html;";Italia
nicchia;Francesca Bianchi;2016;Creazioni intime che esplorano il lato carnale delle note.;The Sticky Fingers;Ambrata Legnosa;2020;Francesca Bianchi;30;108;Coriandolo, Cannella;Tabacco, Eliotropio;Patchouli, Cuoio, Sandalo;Patchouli, Tabacco, Cuoio;8719326164214;"https://www.fragrantica.it/perfume/Francesca-Bianchi/The-Sticky-Fingers-60714.html;";Italia/Paesi Bassi
nicchia;Sora Dora;2021;Brand familiare che onora ricette segrete e gourmand complessi.;Mula Mula;Ambrata Dolce - Gourmand;2021;Sora Dora Team;50;165;Pesca, Caramello, Fragola;Zenzero, Pepe Rosa;Vaniglia, Oud, Patchouli;Fragola, Caramello, Oud;3770020120108;"https://www.fragrantica.it/perfume/Sora-Dora/Mula-Mula-67983.html;";Francia
nicchia;Akro;2018;Creato dal maestro Olivier Cresp, si ispira alle dipendenze umane.;Bake;Ambrata Dolce - Gourmand;2023;Olivier Cresp;100;160;Scorza di Limone;Zucchero di Canna, Pralina;Vaniglia, Chantilly;Limone, Zucchero di Canna, Chantilly;3760341110000;"https://www.fragrantica.it/perfume/Akro/Bake-81534.html;";Francia/UK
nicchia;Meo Fusciuni;2010;Profumeria filosofica ispirata ai cicli della natura e solitudine.;Notturno;Legnosa Orientale Oud;2012;Giuseppe Imprezzabile;100;185;Rum, Ananas;Inchiostro, Cuoio;Incenso, Ambra, Betulla;Incenso, Rum, Betulla;8056732380028;"https://www.fragrantica.it/perfume/Meo-Fusciuni/Notturno-16584.html;";Italia
nicchia;Memo Paris;2007;Fragranze ispirate ai viaggi e alle esperienze olfattive.;African Leather;Cuoiata Speziata;2015;Eleanor Massenet;75;235;Cardamomo, Bergamotto;Zafferano, Cumino;Cuoio, Patchouli, Vetiver;Cardamomo, Cuoio, Geranio;3700454013446;"https://www.fragrantica.it/perfume/Memo-Paris/African-Leather-34531.html;";Francia
nicchia;Le Labo;2006;Minimalismo newyorkese con influenze parigine.;Another 13;Floreale Legnosa Muschiata;2010;Nathalie Lorson;50;198;Pera, Mela, Agrumi;Ambretta, Gelsomino;Ambroxan, Muschio, Cetalox;Ambroxan, Muschio, Pera;0842113052012;"https://www.fragrantica.it/perfume/Le-Labo/Another-13-10101.html;";USA
nicchia;Vilhelm Parfumerie;2015;Estetica cinematografica che traduce storie d'amore in profumi.;Poets of Berlin;Ambrata Dolce - Gourmand;2018;Jérôme Epinette;100;225;Mirtillo, Limone;Bambù, Giaggiolo;Vaniglia, Sandalo, Vetiver;Mirtillo, Limone, Vaniglia;3760298540059;"https://www.fragrantica.it/perfume/Vilhelm-Parfumerie/Poets-of-Berlin-48135.html;";USA/Svezia
nicchia;Nasomatto;2007;Fragranze estreme e iconiche per collezionisti.;Sadonaso;Ambrata Cuoiata;2023;Alessandro Gualtieri;30;130;Caffè;Muschio, Tabacco;Ambra, Note Animaliche;Note Animali, Muschio, Ambra;8717624963082;"https://www.fragrantica.it/perfume/Nasomatto/Sadonaso-81206.html;";Paesi Bassi
nicchia;Juliette Has A Gun;2006;Fragranze minimaliste con un’idea concettuale e distintiva.;Not a Perfume;Floreale Muschiata;2010;Romano Ricci;100;125;Cetalox (Mononota);-;-;Cetalox (Ambra Grigia sintetica);3770000002844;"https://www.fragrantica.it/perfume/Juliette-Has-A-Gun/Not-A-Perfume-10296.html;";Francia
nicchia;Milano Fragranze;2020;Racconta i luoghi, la storia e le atmosfere iconiche di Milano.;Piazza Affari;Fougere Aromatica;2022;Cécile Matton;100;125;Lime, Pepe Rosa;Lavanda, Geranio;Vetiver, Guaiaco;Lavanda, Lime, Geranio;8054605170047;"https://www.fragrantica.it/perfume/Milano-Fragranze/Piazza-Affari-73600.html;";Italia
nicchia;Diptyque;1961;Storica maison parigina famosa per eleganza e tessuti.;L'Eau Papier;Floreale Muschiata;2023;Fabrice Pellegrin;100;167;Muschio Bianco;Mimosa;Note di Riso, Legni;Riso, Muschio Bianco, Mimosa;3700431427501;"https://www.fragrantica.it/perfume/Diptyque/L-Eau-Papier-79245.html;";Francia
nicchia;Amouage;1983;Lusso regale con ingredienti esotici e tradizione millenaria.;Interlude Man;Ambrata Speziata;2012;Pierre Negrin;100;345;Origano, Pepe, Bergamotto;Incenso, Ambra, Opoponax;Cuoio, Oud, Patchouli;Incenso, Opoponax, Origano;0701666312116;"https://www.fragrantica.it/perfume/Amouage/Interlude-Man-15454.html;";Oman
nicchia;Zoologist;2013;Profumeria artistica canadese che cattura le peculiarità del regno animale.;Bee;Ambrata Dolce - Gourmand;2019;Cristiano Canali;60;215;Arancia, Sciroppo di Zucchero;Miele, Pappa Reale, Mimosa;Vaniglia, Benzoino, Sandalo;Miele, Cera d'Api, Pappa Reale;0628055270102;"https://www.fragrantica.it/perfume/Zoologist-Perfumes/Bee-58181.html;";Canada
nicchia;Etat Libre d'Orange;2006;Ironia e irriverenza fuse in composizioni olfattive non convenzionali.;You Or Someone Like;Agrumata Aromatica;2017;Caroline Sabas;100;140;Menta, Pompelmo;Cassis, Note Verdi;Muschio Bianco;Menta, Pompelmo, Rosa;3760168591526;"https://www.fragrantica.it/perfume/Etat-Libre-d-Orange/You-Or-Someone-Like-You-43531.html;";Francia
nicchia;Goldfield & Banks;2016;L'essenza spruzzata dal mare sulle rocce australiane soleggiate.;Pacific Rock Moss;Agrumata Marina;2016;François Merle-Baudoin;100;180;Limone, Salvia;Note Marine;Muschio di Quercia, Cedro;Muschio Marino, Salvia, Limone;0638037148560;"https://www.fragrantica.it/perfume/Goldfield-Banks-Australia/Pacific-Rock-Moss-44174.html;";Australia
nicchia;L'Artisan Parf.;1976;Storico pioniere parigino della nicchia, noto per il fascino artigianale.;Passage d'Enfer;Legnosa Orientale Oud;1999;Olivia Giacobetti;100;165;Giglio, Pepe Rosa;Incenso, Aloe Vera;Muschio Bianco, Legno di Cedro;Incenso, Giglio, Muschio Bianco;3660463009581;https://www.fragrantica.it/perfume/L-Artisan-Parfumeur/Passage-d-Enfer-Eau-de-Parfum-64215.html;Francia
nicchia;Nishane;2012;Brand di Istanbul che fonde tradizioni orientali e avanguardia.;Ani;Ambrata Legnosa;2019;Cécile Zarokian;100;315;Zenzero, Bergamotto;Ribes Nero, Rosa, Cardamomo;Vaniglia, Benzoino, Sandalo;Vaniglia, Zenzero, Cardamomo;8681223041130;"https://www.fragrantica.it/perfume/Nishane/Ani-54785.html;";Turchia
nicchia;Carthusia;1380;L'antica eredità dei monaci certosini dell'isola in forma liquida.;A'mmare;Agrumata Marina;2021;Luca Maffei;100;100;Sale, Rosmarino;Note Acquatiche, Menta;Cedro, Muschio, Patchouli;Sale, Rosmarino, Menta;8051772630718;"https://www.fragrantica.it/perfume/Carthusia/A-mmare-66380.html;";Italia
nicchia;Santa Maria Novella;;;L'Iris;Floreale Legnosa Muschiata;2022;SMN Team;100;160;Pepe Rosa, Neroli;Iris, Geranio, Magnolia;Muschio, Ambra Grigia;Iris, Pepe Rosa, Muschio;8054133441015;"https://www.fragrantica.it/perfume/Officina-Profumo-Farmaceutica-di-Santa-Maria-Novella/L-Iris-74148.html;";Italia
nicchia;The Harmonist;2013;Ispirato alla filosofia del Feng Shui e all'equilibrio degli elementi naturali.;Hypnotizing Fire;Ambrata Speziata;2015;Guillaume Flavigny;50;250;Pepe del Sichuan;Rosa Bulgara, Patchouli;Vaniglia, Benzoino;Vaniglia, Benzoino, Pepe Rosa;3701143500052;"https://www.fragrantica.it/perfume/The-Harmonist/Hypnotizing-Fire-35804.html;";USA/Francia
nicchia;Andrea Maack;2010;Brand islandese che fonde arte visiva e fragranze molecolari d'avanguardia.;Entrance;Legnosa Speziata;2021;Andrea Maack;50;145;Bergamotto, Pepe Rosa;Zafferano, Ambra;Vetiver, Patchouli;Zafferano, Bergamotto, Patchouli;5694300371018;"https://www.fragrantica.it/perfume/Andrea-Maack/Entrance-69632.html;";Islanda
nicchia;Filippo Sorcinelli;2013;Naso eclettico che unisce arte sacra, musica e spiritualità.;Lavs;Legnosa Orientale Oud;2014;Filippo Sorcinelli;100;195;Pepe Nero, Cardamomo;Coriandolo, Chiodi di Garofano;Incenso, Oppoponax, Labdano;Incenso, Opoponax, Ambra;8058455170014;"https://www.fragrantica.it/perfume/Filippo-Sorcinelli/LAVS-30510.html;";Italia
nicchia;Serge Lutens;1962;Iconica maison parigina con fragranze profonde e narrative.;Ambre Sultan;Ambrata Speziata;1993;Christopher Sheldrake;50;135;Coriandolo, Sandalo;Ambra, Origano;Patchouli, Mirto, Benzoino;Ambra, Resine, Origano;3700358123182;"https://www.fragrantica.it/perfume/Serge-Lutens/Ambre-Sultan-2760.html;";Francia
nicchia;Aesop;2005*;Eccellenza botanica australiana focalizzata su ingredienti naturali e minimalismo.;Hwyl;Legnosa;2017;Barnabé Fillion;50;120;Spezie, Timo;Cipresso;Vetiver, Incenso, Muschio;Cipresso, Incenso, Vetiver;9319944012140;"https://www.fragrantica.it/perfume/Aesop/Hwyl-46394.html;";Australia
nicchia;Obvious Parfums;2020;Sostenibilità ed essenzialità in una vaniglia moderna e pulita.;Une Vanille;Ambrata Dolce - Gourmand;2020;Anne-Sophie Behaghel;100;110;Fava Tonka;Vaniglia;Muschio Bianco;Vaniglia, Fava Tonka, Muschio;3770016668027;"https://www.fragrantica.it/perfume/Obvious/Une-Vanille-63045.html;";Francia
nicchia;Coreterno;2019;Estetica punk e simbolismo antico in fragranze di rottura.;Hierba Nera;Agrumata Aromatica;2019;Luca Maffei;100;165;Bergamotto, Note Verdi;Labdano, Pepe Nero;Cedro, Muschio, Vetiver;Canapa, Note Verdi, Ambra;8054605151015;"https://www.fragrantica.it/perfume/Coreterno/Hierba-Nera-56540.html;";Italia
nicchia;Parfums de Marly;2009;Lusso francese con omaggio all’epoca di Luigi XV.;Layton;Fougere Ambrata Dolce;2016;Hamid Merati-Kashani;125;250;Mela, Lavanda, Mandarino;Geranio, Violetta, Gelsomino;Vaniglia, Cardamomo, Sandalo;Mela, Lavanda, Vaniglia;3700578518005;"https://www.fragrantica.it/perfume/Parfums-de-Marly/Layton-40158.html;";Francia
nicchia;Xerjoff;2003;Lusso torinese che unisce arte del profumo e design.;Alexandria II;Legnosa Orientale Oud;2012;Chris Maurice;50;325;Lavanda, Palissandro;Rosa, Cedro, Mughetto;Oud, Vaniglia, Ambra;Palissandro, Lavanda, Oud, Sandalo;8033488155551;"https://www.fragrantica.it/perfume/Xerjoff/Alexandria-II-17787.html;";Italia
nicchia;Maison F. Kurkdjian;2009;Maison d’alta profumeria parigina fondata nel 2009, sinonimo di eleganza senza tempo.;Gentle Fluidity Gold;Ambrata Legnosa;2019;Francis Kurkdjian;70;195;Bacche di Ginepro;Coriandolo, Noce Moscata;Vaniglia, Ambra, Legni;Vaniglia, Ambra, Bacche di Ginepro;3700559605806;"https://www.fragrantica.it/perfume/Maison-Francis-Kurkdjian/Gentle-Fluidity-Gold-53244.html;";Francia
nicchia;Pierre Guillaume;2002;Indipendenza creativa francese che esplora nuove tecniche di estrazione.;Le Musc & La Peau;Floreale Muschiata;2016;Pierre Guillaume;100;160;Aldeidi, Rosmarino;Ylang-Ylang, Sandalo;Muschio, Fava Tonka;Muschio Bianco, Rosmarino, Sandalo;3760139150035;"https://www.fragrantica.it/perfume/Pierre-Guillaume-Paris/Le-Musc-La-Peau-4-1-36031.html;";Francia
nicchia;Nishane;2012;Brand di Istanbul che fonde tradizioni orientali e avanguardia.;Hacivat;Chypre Fruttata;2017;Jorge Lee;50;215;Bergamotto, Ananas;Patchouli, Cedro;Muschio di Quercia;Ananas, Pompelmo, Muschio Quercia;8681223041079;"https://www.fragrantica.it/perfume/Nishane/Hacivat-44791.html;";Turchia
nicchia;Byredo;2006;Brand minimalista con fragranze evanescenti e artigianali.;Bal d'Afrique;Ambrata Agrumata;2009;Jérôme Epinette;50;155;Limone, Tagete, Bergamotto;Violetta, Ciclamino;Vetiver, Muschio, Ambra;Bergamotto, Neroli, Ambra;7340032806038;"https://www.fragrantica.it/perfume/Byredo/Bal-d-Afrique-6458.html;";Svezia
nicchia;Nasomatto;2007;Fragranze estreme e iconiche per collezionisti.;Baraonda;Ambrata Dolce - Gourmand;2016;Alessandro Gualtieri;30;130;Note di Whisky;Note Legnose;Frutta Secca, Muschio;Whisky, Note Legnose, Muschio;8717624962252;"https://www.fragrantica.it/perfume/Nasomatto/Baraonda-40200.html;";Paesi Bassi
nicchia;Escentric Molecules;2006;Rivoluzione minimalista basata sull'uso di singole molecole sintetiche.;Molecule 01;Legnosa;2006;Geza Schoen;100;135;Iso E Super (Mononota);-;-;Iso E Super;5060103310029;"https://www.fragrantica.it/perfume/Escentric-Molecules/Molecule-01-845.html;";Germania/UK
nicchia;Thomas Kosmala;2014;Bilancia purezza sintetica e calore ambrato contemporaneo.;No. 4 Après l'Amour;Floreale Legnosa Muschiata;2018;Thomas Kosmala;100;160;Scorza di Limone;Spezie Aromatiche;Note Legnose, Muschio;Ambroxan, Muschio, Scorza di Limone;0752830847704;"https://www.fragrantica.it/perfume/Thomas-Kosmala/No-4-Apres-l-Amour-51594.html;";Francia/USA
nicchia;New Notes;2022;Contrasti vibranti tra agrumi frizzanti e molecole legnose moderne.;Akigala Mandarino;Agrumata Legnosa;2023;New Notes Team;50;170;Mandarino, Lampone;Fiori Bianchi;Akigalawood, Ambra;Mandarino, Akigalawood, Ambra;8054605141016;"https://www.fragrantica.it/perfume/New-Notes/Akigala-Mandarino-79258.html;";Italia
nicchia;Diptyque;1961;Storica maison parigina famosa per eleganza e tessuti.;Philosykos;Legnosa Fruttata;1996;Olivia Giacobetti;75;165;Foglia di Fico;Cocco;Cedro, Albero di Fico;Fico, Foglia di Fico, Cedro;3700431415447;"https://www.fragrantica.it/perfume/Diptyque/Philosykos-3865.html;";Francia
nicchia;Matiere Premiere;2019;La rosa centifolia di Grasse sovraccaricata in modo brutale.;Radical Rose;Monofloreale;2020;Aurélien Guichard;100;240;Pepe Rosa, Zafferano;Rosa Centifolia;Patchouli, Cisto;Rosa Centifolia, Zafferano, Cisto;3760273750237;"https://www.fragrantica.it/perfume/Matiere-Premiere/Radical-Rose-63470.html;";Francia
nicchia;Acqua dell'Elba;2000;L'essenza marina e botanica tipica dell'Isola d'Elba.;Classica;Agrumata Marina;2000;Team Interno;100;85;Mandarino, Limone;Mirto, Gardenia;Macchia Mediterranea;Fiori di Mare, Gardenia, Legni di Macchia;8033210340059;"https://www.fragrantica.it/perfume/Acqua-dell-Elba/Classica-Men-13009.html;";Italia
nicchia;Carthusia;1380;L'antica eredità dei monaci certosini dell'isola in forma liquida.;Fiori di Capri;Bouquet Floreale;1948;Laura Tonatto;100;90;Mandarino, Bergamotto;Tuberosa, Iris, Mughetto;Ambra, Legno di Sandalo;Mughetto, Gelsomino, Sandalo;8051772630138;"https://www.fragrantica.it/perfume/Carthusia/Fiori-di-Capri-3784.html;";Italia
nicchia;Penhaligon's;1870;Storica casa britannica intrisa di nobile stravaganza e narrazione.;Halfeti;Ambrata Speziata;2015;Christian Provenzano;100;245;Bergamotto, Pompelmo;Rosa, Zafferano, Cardamomo;Oud, Cuoio, Ambra;Rosa Nera, Zafferano, Oud;0793675975191;"https://www.fragrantica.it/perfume/Penhaligon-s/Halfeti-31396.html;";UK
nicchia;Roja Parfums;2007;Lusso britannico con ingredienti preziosi e complessi.;Elysium Pour Homme;Fougere Aromatica;2017;Roja Dove;100;295;Limone, Bergamotto;Mela, Rosa, Gelsomino;Ambra Grigia, Cuoio;Pompelmo, Vetiver, Ambra Grigia;5060399671981;"https://www.fragrantica.it/perfume/Roja-Dove/Elysium-Pour-Homme-Parfum-Coloque-46296.html;";UK
nicchia;Laboratorio Olf.;2009;Officina creativa italiana basata su pura emozione e artigianalità.;Vanagloria;Ambrata Speziata;2021;Dominique Ropion;100;105;Zafferano, Ananas;Incenso, Fava Tonka;Vaniglia, Muschio;Vaniglia, Incenso, Zafferano;8050043461757;"https://www.fragrantica.it/perfume/Laboratorio-Olfattivo/Vanagloria-69165.html;";Italia
nicchia;Kajal;2014;Fonde ispirazione parigina con l'opulenza orientale dorata.;Almaz;Floreale Fruttata;2022;Rania Jouaneh;100;210;Mandarino, Bergamotto;Lampone, Rosa, Eliotropio;Vaniglia, Sandalo, Oud;Lampone, Ribes Nero, Zucchero;3760310210212;"https://www.fragrantica.it/perfume/Kajal/Almaz-72986.html;";Emirati Arabi
nicchia;Sora Dora;2021;Brand familiare che onora ricette segrete e gourmand complessi.;Jany;Ambrata Dolce - Gourmand;2023;Sora Dora Team;50;165;Mela, Pesca;Cannella, Noce Moscata;Vaniglia, Muschio;Mela al Forno, Sfoglia, Albicocca;3770020120221;"https://www.fragrantica.it/perfume/Sora-Dora/Jany-84110.html;";Francia
nicchia;Perris Monte Carlo;2011;Ricerca delle materie prime più pure e rare del mondo.;Vanille de Tahiti;Ambrata Dolce - Gourmand;2020;Gian Luca Perris;100;165;Ylang-Ylang, Champaca;Vaniglia;Sandalo, Ambra, Muschio;Vaniglia di Tahiti, Ylang-Ylang, Champaca;0652685160105;"https://www.fragrantica.it/perfume/Perris-Monte-Carlo/Vanille-de-Tahiti-60787.html;";Monaco
nicchia;Juliette Has A Gun;2006;Fragranze minimaliste con un’idea concettuale e distintiva.;Lust for Sun;Ambrata Floreale;2023;Romano Ricci;100;125;Bergamotto, Cocco;Gardenia, Monoi, Neroli;Vaniglia, Muschio, Ambroxan;Ylang-Ylang, Cocco, Gardenia;3760022733077;"https://www.fragrantica.it/perfume/Juliette-Has-A-Gun/Lust-for-Sun-80516.html;";Francia
nicchia;Zoologist;2013;Profumeria artistica canadese che cattura le peculiarità del regno animale.;Squid;Ambrata Marina;2019;Celine Barel;60;210;Pepe Rosa, Incenso;Calamaro, Sale Marino;Ambra Grigia, Benzoino;Inchiostro, Sale, Ambra Grigia;0628055270140;"https://www.fragrantica.it/perfume/Zoologist-Perfumes/Squid-56292.html;";Canada
nicchia;L'Artisan Parf.;1976;Storico pioniere parigino della nicchia, noto per il fascino artigianale.;Mure et Musc;Floreale Fruttata;1978;Jean-François Laporte;100;165;Basilico, Mandarino;Mora, Bacche Rosse;Muschio, Muschio di Quercia;Mora, Muschio, Frutti Rossi;3660463009055;"https://www.fragrantica.it/perfume/L-Artisan-Parfumeur/Mure-et-Musc-825.html;";Francia
nicchia;Memo Paris;2007;Fragranze ispirate ai viaggi e alle esperienze olfattive.;Marfa;Ambrata Floreale;2016;Alienor Massenet;75;235;Fiore d'Arancio, Mandarino;Tuberosa, Agave;Muschio, Vaniglia, Sandalo;Tuberosa, Agave, Muschio Bianco;3700454014160;"https://www.fragrantica.it/perfume/Memo-Paris/Marfa-37731.html;";Francia
nicchia;Coreterno;2019;Estetica punk e simbolismo antico in fragranze di rottura.;Rose and Me;Monofloreale;2019;Luca Maffei;100;165;Rosa, Geranio;Patchouli, Guaiaco;Muschio Bianco, Ambra;Rosa, Patchouli, Zafferano;8054605151046;"https://www.fragrantica.it/perfume/Coreterno/Rose-and-Me-56538.html;";Italia
nicchia;Francesca Bianchi;2016;Incontro carnale tra pelle salata, mare e note vintage.;Sex and the Sea;Ambrata Marina;2016;Francesca Bianchi;30;108;Mimosa, Ananas;Note Marine, Cocco;Ambra Grigia, Zibetto;Ananas, Cocco, Ambra Grigia;8719326164016;"https://www.fragrantica.it/perfume/Francesca-Bianchi/Sex-and-the-Sea-40344.html;";Italia/Paesi Bassi
nicchia;Milano Fragranze;2020;Racconta i luoghi, la storia e le atmosfere iconiche di Milano.;Panettone;Ambrata Dolce - Gourmand;2021;Mathilde Bijaoui;100;125;Arancia Amara, Zenzero;Rum, Semi di Carota;Vaniglia, Elicriso;Frutti Canditi, Rum, Lievito;8054605170061;"https://www.fragrantica.it/perfume/Milano-Fragranze/Panettone-70233.html;";Italia
nicchia;Etat Libre d'Orange;2006;Ironia e irriverenza fuse in composizioni olfattive non convenzionali.;Fat Electrician;Legnosa Aromatica;2009;Antoine Maisondieu;100;140;Vetiver;Resine, Mirra;Panna Cotta, Vaniglia;Vetiver, Panna Montata, Mirra;3760168590055;"https://www.fragrantica.it/perfume/Etat-Libre-d-Orange/Fat-Electrician-Semi-Modern-Vetiver-7139.html;";Francia
nicchia;Indult;2006;Maison ultra-esclusiva fondata per valorizzare le creazioni di Francis Kurkdjian.;Tihota;Ambrata Dolce - Gourmand;2006;Francis Kurkdjian;50;185;Vaniglia;Muschio;-;Vaniglia, Muschio di Canna;3760127500019;"https://www.fragrantica.it/perfume/Indult/Tihota-3029.html;";Francia
nicchia;Tiziana Terenzi;1968;Tradizione familiare di maestri cerai in fragranze di lusso.;Kirke;Floreale Fruttata;2015;Paolo Terenzi;100;210;Pesca, Pera, Frutto Passione;Mughetto;Sandalo, Vaniglia, Muschio;Passiflora, Pesca, Pera;8016741172483;"https://www.fragrantica.it/perfume/Tiziana-Terenzi/Kirke-30292.html;";Italia
nicchia;Vilhelm Parf.;2015;Estetica cinematografica che traduce storie e memorie in profumi contemporanei.;Morning Chess;Chypre Cuoiata;2015;Jérôme Epinette;100;225;Bergamotto;Cuoio, Galbano;Patchouli, Ambra Nera;Bergamotto, Galbano, Cuoio;3760298540028;"https://www.fragrantica.it/perfume/Vilhelm-Parfumerie/Morning-Chess-30379.html;";USA/Svezia
nicchia;Profumum Roma;1996;Maison romana nota per l'altissima concentrazione di oli puri.;Vanitas;Ambrata Dolce - Gourmand;2008;Felice Durante;100;250;Vaniglia;Mirra;Fiore d'Arancio, Sandalo;Vaniglia, Mirra, Fiori d'Arancio;8024985001181;"https://www.fragrantica.it/perfume/Profumum-Roma/Vanitas-10085.html;";Italia
nicchia;Maison Crivelli;2018;Momenti sensoriali reali vissuti durante viaggi attraverso il mondo.;Oud MaracuJá;Legnosa Orientale Oud;2023;Jordi Fernández;50;215;Maracuja, Zafferano;Oud, Rosa, Patchouli;Cuoio, Ambra, Benzoino;Frutto della Passione, Oud, Zafferano;3760303540357;"https://www.fragrantica.it/perfume/Maison-Crivelli/Oud-Maracuja-83492.html;";Francia
nicchia;D'Annam;2023;Minimalismo asiatico emergente che celebra la purezza e le tradizioni vietnamite.;Sakura Snow;Floreale Muschiata;2024;D'Annam Team;50;160;Fior di Ciliegio;Latte, Gelsomino;Muschio, Cedro;Fiore di Ciliegio, Note Talcate, Muschio;8936209580016;"https://www.fragrantica.it/perfume/d-Annam/Sakura-Snow-92080.html;";Vietnam
nicchia;Amouage;1983;Lusso regale con ingredienti esotici e tradizione millenaria.;Reflection Man;Floreale Legnosa Muschiata;2007;Lucas Sieuzac;100;345;Rosmarino, Pepe Rosa;Iris, Gelsomino, Neroli;Sandalo, Patchouli, Cedro;Neroli, Iris, Sandalo;0701666311119;"https://www.fragrantica.it/perfume/Amouage/Reflection-Man-920.html;";Oman
nicchia;Initio Parfums;2015;Esplora il potere dei feromoni e l'attrazione chimica istintiva.;Side Effect;Ambrata Dolce - Gourmand;2016;Initio Team;90;280;Cannella;Rum, Tabacco;Vaniglia;Rum, Vaniglia, Cannella;3701415900076;"https://www.fragrantica.it/perfume/Initio-Parfums-Prives/Oud-for-Greatness-52212.html;";Francia
nicchia;Mancera;2008;Sinergia tra design moderno e ingredienti mediorientali di potenza.;Red Tobacco;Legnosa Speziata;2017;Pierre Montale;120;145;Zafferano, Cannella, Mela;Oud, Patchouli, Gelsomino;Tabacco, Vaniglia, Guaiaco;Tabacco, Cannella, Oud;3760260453714;"https://www.fragrantica.it/perfume/Mancera/Red-Tobacco-46663.html;";Francia
nicchia;Montale;2003;Pioniere dell’Oud con persistenza elevata.;Intense Tiaré;Bouquet Floreale;2005;Pierre Montale;100;125;Fiore di Tiaré;Cocco;Vaniglia, Gelsomino;Tiaré, Cocco;3760260451406;"https://www.fragrantica.it/perfume/Montale/Intense-Tiare-3266.html;";Francia
nicchia;S. Maria Novella;1221;La farmacia più antica del mondo, simbolo di Firenze.;Tabacco Toscano;Cuoiata Tabaccata;2008;SMN Team;100;135;Bergamotto, Foglie di Tè;Tabacco, Betulla;Vaniglia, Ambra, Muschio;Foglia di Tabacco, Ambra;8054133441053;https://www.fragrantica.it/perfume/Officina-Profumo-Farmaceutica-di-Santa-Maria-Novella/Tabacco-Toscano-12349.html;Italia
nicchia;Lorenzo Pazzaglia;2015;Brand italiano nato dalla passione di uno chef per fragranze estreme.;Sun-gria;Ambrata Dolce - Gourmand;2024;Lorenzo Pazzaglia;50 ml;145;Sangria, Arancia, Note Verdi;Vino Rosso, Pesca, Fragola;Vaniglia, Zucchero di Canna;Sangria, Uva, Arancia, Cannella;8054605151054;https://www.fragrantica.it/perfume/Lorenzo-Pazzaglia/Sun-gria-91899.html;Italia
nicchia;Simone Andreoli;2011;Diario olfattivo italiano che cattura ricordi di viaggi lontani.;Malibù;Agrumata Marina;2018;Simone Andreoli;100 ml;150;Lime, Note Verdi;Cocco, Zucchero;Rum, Sandalo;Lime, Cocco, Rum;8055641720012;https://www.fragrantica.it/perfume/Simone-Andreoli/Malibu-Party-in-the-Bay-49273.html;Italia
nicchia;Casamorati (Xerjoff);1888/2003;Lusso italiano che rievoca l'antica profumeria bolognese del XIX secolo con un'estetica Liberty.;Lira;Ambrata Dolce - Gourmand;2011;Chris Maurice;100 ml;270;Arancia Dolce, Lavanda;Caramello, Liquirizia;Vaniglia, Muschio;Caramello, Arancia, Vaniglia;8033488155070;https://www.fragrantica.it/perfume/Xerjoff/Lira-11801.html;Italia
nicchia;Francesca Bianchi;2016;Creazioni intime che esplorano il lato carnale delle note.;Sticky Fingers;Ambrata Legnosa;2019;Francesca Bianchi;30 ml;108;Coriandolo, Cannella;Iris, Patchouli;Castoreo, Cuoio, Tabacco;Patchouli, Tabacco, Cuoio;5060426150007;https://www.fragrantica.it/perfume/Francesca-Bianchi/Sticky-Fingers-57211.html;Italia
nicchia;Essential Parfums;2018;Alta profumeria sostenibile con creazioni raffinate.;The Musc;Floreale Muschiata;2018;Calice Becker;100 ml;82;Zenzero;Lavanda, Note Floreali;Muschio, Sandalo, Miele;Muschio, Cera d'api, Lavanda;3770014892028;https://www.fragrantica.it/perfume/Essential-Parfums/The-Musc-50511.html;Francia
nicchia;Laboratorio Olfattivo;2009;Officina creativa italiana basata su pura emozione e artigianalità.;Salina;Agrumata Marina;2013;David Maruitte;100 ml;105;Sale Marino, Limone;Mirto, Lavanda;Cedro, Vaniglia;Sale, Alghe, Limone;8050043461016;https://www.fragrantica.it/perfume/Laboratorio-Olfattivo/Salina-18153.html;Italia
nicchia;Byredo;2006;Brand minimalista con fragranze evanescenti e artigianali.;Blanche;Floreale Aldeidica;2009;Jerome Epinette;100 ml;205;Aldeidi, Rosa;Peonia, Violetta;Muschio, Legni;Aldeidi, Peonia, Muschio Bianco;7340032806113;https://www.fragrantica.it/perfume/Byredo/Blanche-7132.html;Svezia
nicchia;Simone Andreoli;2011;Diario olfattivo italiano che cattura ricordi di viaggi lontani.;Oceania;Agrumata Marina;2017;Simone Andreoli;100 ml;150;Arancia, Bergamotto;Note Marine, Pepe Rosa;Sandalo, Muschio;Note Marine, Ozono, Agrumi;8055641720050;https://www.fragrantica.it/perfume/Simone-Andreoli/Oceania-44336.html;Italia
nicchia;Vilhelm Parfumerie;2015;Estetica cinematografica che traduce storie d'amore in profumi.;Dear Polly;Agrumata Aromatica;2015;Jerome Epinette;100 ml;215;Bergamotto, Mela;Tè Nero;Ambra, Muschio, Betulla;Tè Nero, Bergamotto, Mela;3760298540301;https://www.fragrantica.it/perfume/Vilhelm-Parfumerie/Dear-Polly-31232.html;USA
nicchia;Montale;2003;Pioniere dell’Oud con persistenza elevata.;Intense Cafe;Ambrata Dolce - Gourmand;2013;Pierre Montale;100 ml;120;Note Floreali;Rosa, Caffè;Vaniglia, Ambra, Muschio;Caffè, Rosa, Vaniglia;3760260451666;https://www.fragrantica.it/perfume/Montale/Intense-Cafe-18021.html;Francia
nicchia;Acqua dell'Elba;2000;L'essenza marina e botanica tipica dell'Isola d'Elba.;Classica Men;Agrumata Legnosa;2001;Lab. Interno;100 ml;98;Mandarino, Limone;Rosmarino, Mare;Alga Marina, Muschio;Mandarino, Rosmarino, Legno di Cedro;8053229040010;https://www.fragrantica.it/perfume/Acqua-dell-Elba/Classica-Men-25757.html;Italia
nicchia;Maison Crivelli;2018;Momenti sensoriali reali vissuti durante viaggi attraverso il mondo.;Hibiscus Mahajád;Floreale Fruttata;2021;Quentin Bisch;50 ml;200;Ibisco, Spezie;Rosa, Vaniglia;Ambra, Cuoio;Ibisco, Rosa, Antracite;3760290750531;https://www.fragrantica.it/perfume/Maison-Crivelli/Hibiscus-Mahajad-69055.html;Francia
nicchia;Lorenzo Pazzaglia;2015;Brand italiano nato dalla passione di uno chef per fragranze estreme.;Carbonara;Ambrata Speziata;2020;Lorenzo Pazzaglia;50 ml;145;Pepe Rosa, Pepe Nero;Fumo, Resine, Cocco;Sandalo, Oud, Zucchero;Pepe Nero, Zafferano, Ambra;8054605151047;https://www.fragrantica.it/perfume/Lorenzo-Pazzaglia/Carbonara-63065.html;Italia
nicchia;Goldfield & Banks;2016;L'essenza spruzzata dal mare sulle rocce australiane soleggiate.;Sunset Hour;Floreale Fruttata;2021;Honorine Blanc;100 ml;165;Pera, Mandarino;Gelsomino, Zenzero;Sandalo, Muschio, Benzoino;Lampone, Pera, Sandalo;9350616000288;https://www.fragrantica.it/perfume/Goldfield-Banks-Australia/Sunset-Hour-70494.html;Australia
nicchia;Nasomatto;2007;Fragranze estreme e iconiche per collezionisti.;Duro;Legnosa;2007;Alessandro Gualtieri;30 ml;130;Note Speziate;Note Legnose;Cuoio;Legni scuri, Cuoio, Spezie;8717624960012;https://www.fragrantica.it/perfume/Nasomatto/Duro-4291.html;Paesi Bassi
nicchia;Parfums de Marly;2009;Lusso francese con omaggio all’epoca di Luigi XV.;Delina;Floreale Fruttata;2017;Quentin Bisch;75 ml;245;Litchi, Rabarbaro;Rosa Turca, Peonia;Vaniglia, Cashmeran;Rabarbaro, Litchi, Rosa Turca;3700578520008;https://www.fragrantica.it/perfume/Parfums-de-Marly/Delina-43871.html;Francia
nicchia;New Notes;2022;Contrasti vibranti tra agrumi frizzanti e molecole legnose moderne.;Latte di Cherry;Ambrata Dolce - Gourmand;2023;Lab. Interno;50;160;Ciliegia, Mandorla;Latte, Spezie;Vaniglia, Fava Tonka;Ciliegia, Latte, Vaniglia;8058100571501;https://www.fragrantica.it/perfume/New-Notes/Latte-di-Cherry-81677.html;Italia
nicchia;Giardini di Toscana;1942;Artigianalità toscana con fragranze gourmand.;BoraBora;Ambrata Floreale;2023;Silvia Martinelli;100 ml;145;Tiaré, Cocco;Ylang Ylang, Gelsomino;Vaniglia, Ambra;Tiaré, Cocco, Vaniglia;8055641720104;https://www.fragrantica.it/perfume/Giardini-di-Toscana/BoraBora-81152.html;Italia
nicchia;Creed;1760;Icona di nicchia con note fruttate e affumicate.;Silver Mountain;Agrumata Aromatica;1995;Olivier Creed;100 ml;265;Bergamotto, Mandarino;Tè Verde, Ribes Nero;Muschio, Petitgrain;Tè Verde, Ribes Nero, Muschio;3508441104655;https://www.fragrantica.it/perfume/Creed/Silver-Mountain-Water-472.html;Francia
nicchia;Orto Parisi;2014;Alessandro Gualtieri celebra la forza primordiale del mare.;Boccanera;Ambrata Dolce - Gourmand;2014;Alessandro Gualtieri;50 ml;145;Pepe Nero, Capsico;Cioccolato Fondente;Sandalo, Muschio;Cioccolato Fondente, Zenzero, Peperoncino;8717624960418;https://www.fragrantica.it/perfume/Orto-Parisi/Boccanera-24260.html;Italia
nicchia;By Kilian;2007;Lusso parigino ispirato al cognac tra seduzione e ricaricabilità.;Black Phantom;Ambrata Dolce - Gourmand;2017;Sidonie Lancesseur;50 ml;235;Rum, Canna da Zucchero;Caffè, Mandorla;Caramello, Sandalo;Caffè, Rum, Cioccolato;3700550218145;https://www.fragrantica.it/perfume/By-Kilian/Black-Phantom-43632.html;Francia
nicchia;Serge Lutens;1962;Iconica maison parigina con fragranze profonde e narrative.;Chergui;Ambrata Speziata;2001;Christopher Sheldrake;50 ml;135;Tabacco, Miele;Iris, Incenso;Ambra, Sandalo;Tabacco, Miele, Ambra;3700358123396;https://www.fragrantica.it/perfume/Serge-Lutens/Chergui-2762.html;Francia
nicchia;Byredo;2006;Brand minimalista con fragranze evanescenti e artigianali.;Mojave Ghost;Floreale Legnosa Muschiata;2014;Jerome Epinette;100 ml;205;Ambretta, Sapodilla;Magnolia, Violetta;Sandalo, Ambra Grigia;Sapotiglia, Magnolia, Sandalo;7340032810608;https://www.fragrantica.it/perfume/Byredo/Mojave-Ghost-27040.html;Svezia
nicchia;Diptyque;1961;Storica maison parigina famosa per eleganza e tessuti.;Tam Dao;Legnosa;2003;Daniel Moliere;75 ml;165;Rosa, Mirto;Sandalo, Cedro;Ambra, Muschio;Sandalo, Cedro, Cipresso;3700431405746;https://www.fragrantica.it/perfume/Diptyque/Tam-Dao-3843.html;Francia
nicchia;Lorenzo Villoresi;1990;Maestro fiorentino celebre per creazioni d'ispirazione classica, spezie orientali e atmosfere toscane.;Teint de Neige;Floreale Muschiata;2000;Lorenzo Villoresi;100 ml;145;Cipria, Rosa;Gelsomino, Ylang Ylang;Muschio, Eliotropio;Note Polverose, Eliotropio, Muschio;8023131301019;https://www.fragrantica.it/perfume/Lorenzo-Villoresi/Teint-de-Neige-5056.html;Italia
nicchia;Essential Parfums;2018;Alta profumeria sostenibile con creazioni raffinate.;Fig Infusion;Legnosa Fruttata;2022;Nathalie Lorson;100 ml;82;Fico, Mandarino;Tè Nero, Iris;Sandalo, Cedro;Fico, Tè Nero, Sandalo;3770014892189;https://www.fragrantica.it/perfume/Essential-Parfums/Fig-Infusion-73062.html;Francia
nicchia;BeauFort London;2015;Profumeria artistica britannica ispirata alla storia navale, con note oscure, fumose e drammatiche.;Terror & Magnificence;Cuoiata Affumicata;2019;Tom Fontane;50 ml;145;Zafferano, Pepe;Incenso, Catrame;Benzoino, Labdano;Incenso, Catrame di Betulla, Polvere da Sparo;5060426150144;#N/D;UK
nicchia;Histoires de Parfums;2000;"Una ""biblioteca olfattiva"" dove ogni fragranza racconta la storia di personaggi o anni iconici.";1899 Hemingway;Ambrata Speziata;2013;Gerald Ghislain;60 ml;115;Ginepro, Bergamotto;Iris, Cannella;Vaniglia, Vetiver;Ginepro, Cannella, Vaniglia;3760218880514;https://www.fragrantica.it/perfume/Histoires-de-Parfums/1899-Hemingway-18846.html;Francia
nicchia;Penhaligon's;1870;Storica casa britannica intrisa di nobile stravaganza e narrazione.;Lord George;Ambrata Legnosa;2016;Alberto Morillas;75 ml;255;Brandy;Note di Sapone;Fava Tonka, Ambra;Brandy, Fava Tonka, Ambra;793675975191;https://www.fragrantica.it/perfume/Penhaligon-s/The-Tragedy-of-Lord-George-40731.html;UK
nicchia;Nishane;2012;Brand di Istanbul che fonde tradizioni orientali e avanguardia.;Hundred Silent Ways;Ambrata Floreale;2016;Lab. Interno;50 ml;175;Pesca, Mandarino;Tuberosa, Gardenia;Vaniglia, Sandalo;Tuberosa, Pesca, Gardenia;8681223041055;https://www.fragrantica.it/perfume/Nishane/Hundred-Silent-Ways-37888.html;Turchia
nicchia;Montale;2003;Pioniere dell’Oud con persistenza elevata.;Honey Aoud;Legnosa Orientale Oud;2015;Pierre Montale;100 ml;120;Miele, Cannella;Note Floreali, Patchouli;Oud, Ambra, Cuoio;Miele, Oud, Cannella;3760260451673;https://www.fragrantica.it/perfume/Montale/Honey-Aoud-30310.html;Francia
nicchia;Memo Paris;2007;Fragranze ispirate ai viaggi e alle esperienze olfattive.;Italian Leather;Cuoiata Aromatica;2013;Alienor Massenet;75 ml;235;Foglia di Pomodoro;Galbano, Salvia;Cuoio, Vaniglia;Cuoio, Foglia di Pomodoro, Galbano;3700454012111;https://www.fragrantica.it/perfume/Memo-Paris/Italian-Leather-21303.html;Francia
nicchia;Laboratorio Olfattivo;2009;Officina creativa italiana basata su pura emozione e artigianalità.;Need_U;Floreale Muschiata;2018;Marie Duchene;100 ml;105;Limone, Pepe Rosa;Fiori Bianchi, Mare;Muschio, Ambroxan;Limone, Pepe Rosa, Ambroxan;8050043462228;https://www.fragrantica.it/perfume/Laboratorio-Olfattivo/Need-U-49190.html;Italia
nicchia;Juliette Has A Gun;2006;Fragranze minimaliste con un’idea concettuale e distintiva.;Vanilla Vibes;Ambrata Marina;2019;Romano Ricci;100 ml;120;Sale Marino;Assoluta di Vaniglia;Orchidea, Muschio;Sale, Vaniglia, Orchidea;3760022730519;https://www.fragrantica.it/perfume/Juliette-Has-A-Gun/Vanilla-Vibes-55091.html;Francia
nicchia;BDK Parfums;2016;Libreria olfattiva parigina situata nel cuore del Palais Royal.;Rouge Smoking;Ambrata Dolce - Gourmand;2018;Amelie Bourgeois;100 ml;170;Ciliegia, Pepe Rosa;Eliotropio, Fiori d'Arancio;Vaniglia, Tonka;Ciliegia, Vaniglia, Eliotropio;3760264450016;https://www.fragrantica.it/perfume/BDK-Parfums/Rouge-Smoking-51347.html;Francia
nicchia;Amouage;1983;Lusso regale con ingredienti esotici e tradizione millenaria.;Beach Hut Man;Legnosa Aromatica;2017;Elise Benat;100 ml;320;Menta, Galbano;Edera, Vetiver;Mirra, Patchouli;Menta, Galbano, Vetiver;701666311898;https://www.fragrantica.it/perfume/Amouage/Beach-Hut-Man-46336.html;Oman
nicchia;Parfums de Marly;2009;Lusso francese con omaggio all’epoca di Luigi XV.;Herod;Ambrata Legnosa;2012;Olivier Pescheux;125 ml;245;Cannella, Pepe;Foglie di Tabacco, Incenso;Vaniglia, Musk;Tabacco, Vaniglia, Cannella;3700578507009;https://www.fragrantica.it/perfume/Parfums-de-Marly/Herod-16939.html;Francia
nicchia;Mancera;2008;Sinergia tra design moderno e ingredienti mediorientali di potenza.;Cedrat Boise;Agrumata Legnosa;2011;Pierre Montale;120 ml;145;Agrumi, Ribes Nero;Patchouli, Gelsomino;Cuoio, Legno di Cedro;Limone, Ribes Nero, Cedro;3760260452144;https://www.fragrantica.it/perfume/Mancera/Cedrat-Boise-15211.html;Francia
nicchia;Profumum Roma;1996;Maison romana nota per l'altissima concentrazione di oli puri.;Ichnusa;Chypre Verde;1996;Lab. Interno;100 ml;250;Foglie di Fico;Mirto, Erba Tagliata;Fieno;Fico, Mirto, Erba Tagliata;8024985002072;https://www.fragrantica.it/perfume/Profumum-Roma/Ichnusa-3891.html;Italia
nicchia;Lorenzo Pazzaglia;2015;Brand italiano nato dalla passione di uno chef per fragranze estreme.;Black Sea;Agrumata Marina;2019;Lorenzo Pazzaglia;50 ml;145;Sale, Ozono;Note Marine;Ambra Grigia, Muschio;Sale, Note Marine, Ozono;8054605151016;https://www.fragrantica.it/perfume/Lorenzo-Pazzaglia/Black-Sea-57353.html;Italia
nicchia;Etro;1989;Traduzione olfattiva dell'omonima casa di moda: fragranze eclettiche, speziate e perfette per il layering.;Shaal Nur;Ambrata Speziata;1997;Lab. Interno;100 ml;140;Limone, Bergamotto;Incenso, Rosa;Vetiver, Ambra;Incenso, Coriandolo, Vetiver;8026241010015;https://www.fragrantica.it/perfume/Etro/Shaal-Nur-3151.html;Italia
nicchia;Acqua di Portofino;2000;Celebrazione del borgo ligure e dello stile di vita mediterraneo attraverso note marine e floreali.;369;Agrumata Marina;2015;Lab. Interno;100 ml;125;Pepe Rosa, Agrumi;Orchidea;Vaniglia, Muschio;Note Marine, Mandarino, Ambra;8026241010034;https://www.fragrantica.it/perfume/Acqua-di-Portofino/369-3152.html;Italia
nicchia;Nasomatto;2007;Fragranze estreme e iconiche per collezionisti.;Narcotic V.;Monofloreale;2007;Alessandro Gualtieri;30 ml;130;Tuberosa, Gelsomino;Giglio;Note Speziate;Tuberosa, Gelsomino, Giglio;8717624960142;https://www.fragrantica.it/perfume/Nasomatto/Narcotic-Venus-4293.html;Paesi Bassi
nicchia;Tiziana Terenzi;1968;Tradizione familiare di maestri cerai in fragranze di lusso.;Laudano Nero;Ambrata Legnosa;2014;Paolo Terenzi;100 ml;145;Assenzio, Cognac;Incenso, Cenere;Labdano, Sandalo;Labdano, Cognac, Cenere;8016741172476;https://www.fragrantica.it/perfume/Tiziana-Terenzi/Laudano-Nero-28312.html;Italia
nicchia;Essential Parfums;2018;Alta profumeria sostenibile con creazioni raffinate.;Divine Vanille;Ambrata Speziata;2019;Olivier Pescheux;100 ml;82;Cannella, Salvia;Incenso, Osmanto;Vaniglia, Tonka;Vaniglia, Rum, Cannella;3770014892042;https://www.fragrantica.it/perfume/Essential-Parfums/Divine-Vanille-57448.html;Francia
nicchia;Meo Fusciuni;2010;Profumeria filosofica ispirata ai cicli della natura e solitudine.;Last Season;Legnosa Aromatica;2023;Giuseppe Imprezzabile;100 ml;210;Elicriso, Alghe;Terra, Pino;Muschio, Mate;Pino, Fieno, Alga;8055681290117;https://www.fragrantica.it/perfume/Meo-Fusciuni/Last-Season-84512.html;Italia
nicchia;Zarkoperfume;2014;Brand danese specializzato in profumi molecolari che reagiscono chimicamente al calore della pelle.;Molecule 234.38;Floreale Muschiata;2014;Zarko Ahlmann Pavlov;100 ml;145;Molecola 234.38;(Evoluzione su Pelle);(Evoluzione su Pelle);Iso E Super, Muschio;5712590000010;https://www.fragrantica.it/perfume/Zarkoperfume/Molecule-234-38-23582.html;Danimarca
nicchia;Goutal Paris;1981;Icona della raffinatezza parigina: fragranze poetiche e senza tempo nate dalla visione di Annick Goutal.;Eau d'Hadrien;Agrumata;1981;Annick Goutal;100 ml;165;Limone, Cedro;Cipresso;Aldeidi;Limone, Pompelmo, Cipresso;711367101569;https://www.fragrantica.it/perfume/Goutal/Eau-d-Hadrien-756.html;Francia
nicchia;Miller Harris;2000;L'unione tra la tecnica della profumeria francese e lo spirito bohémien e urbano della Londra moderna.;Tea Tonique;Agrumata Aromatica;2015;Lyn Harris;100 ml;165;Bergamotto;Tè Nero, Mate;Muschio, Betulla;Tè Nero, Bergamotto, Mate;5055145800005;https://www.fragrantica.it/perfume/Miller-Harris/Tea-Tonique-30792.html;UK
nicchia;Laboratorio Olfattivo;2009;Officina creativa italiana basata su pura emozione e artigianalità.;Baliflora;Monofloreale;2019;J.C. Ellena;100;110;Mandarino;Frangipani, Giglio;Musk;Frangipani, Gelsomino;8050043431100;https://www.fragrantica.com/perfume/Laboratorio-Olfattivo/Baliflora-54851.html;Italia
